first_name,last_name,email_address,warehouse_id,authenticator_id
Anna-diane,Currom,acurrom0@amazon.com,66,1
Sheela,Hugenin,shugenin1@pcworld.com,51,2
Harold,McKendry,hmckendry2@state.tx.us,58,3
Daryl,Humpage,dhumpage3@nhs.uk,44,4
Ferdinande,Cord,fcord4@spotify.com,37,5
Valerie,Fley,vfley5@netscape.com,51,6
Silvio,Hubback,shubback6@nationalgeographic.com,12,7
Myrtice,Deller,mdeller7@harvard.edu,52,8
Alyce,Wethey,awethey8@usatoday.com,1,9
Earle,William,ewilliam9@pbs.org,65,10
Joni,Juniper,jjunipera@netvibes.com,45,11
Neely,Sainte Paul,nsaintepaulb@prlog.org,44,12
Padraic,Staterfield,pstaterfieldc@wufoo.com,75,13
Andonis,Bernhardi,abernhardid@angelfire.com,49,14
Mycah,Piddlehinton,mpiddlehintone@wp.com,62,15
Annadiana,Croley,acroleyf@ed.gov,38,16
Heinrik,Demicoli,hdemicolig@shinystat.com,48,17
Pru,Smiley,psmileyh@hp.com,34,18
Jasmina,Goodfield,jgoodfieldi@wunderground.com,64,19
Gerri,Bewshire,gbewshirej@creativecommons.org,76,20
Raffaello,Gumbrell,rgumbrellk@upenn.edu,79,21
Alfred,Viggers,aviggersl@macromedia.com,8,22
Mitchel,Heap,mheapm@newyorker.com,61,23
Udale,Lippett,ulippettn@macromedia.com,34,24
Claire,Autrie,cautrieo@blogger.com,78,25
Christoph,Lowell,clowellp@themeforest.net,26,26
Pippy,Tooby,ptoobyq@ifeng.com,24,27
Terrel,Cooling,tcoolingr@dailymotion.com,67,28
Tania,Scotchforth,tscotchforths@feedburner.com,21,29
Claire,Feaver,cfeavert@odnoklassniki.ru,72,30
Akim,Petchell,apetchellu@prweb.com,20,31
Currie,Overland,coverlandv@dell.com,52,32
Trace,McGee,tmcgeew@hatena.ne.jp,37,33
Ransell,Kinnerk,rkinnerkx@mysql.com,11,34
Juieta,Whistlecraft,jwhistlecrafty@wired.com,19,35
Sheffy,Cabble,scabblez@berkeley.edu,28,36
Rennie,Hillum,rhillum10@google.ru,36,37
Ruthie,Cufley,rcufley11@buzzfeed.com,63,38
Kane,Wein,kwein12@ucoz.ru,38,39
Maudie,McNirlan,mmcnirlan13@mlb.com,46,40
Jocko,Brooks,jbrooks14@wiley.com,21,41
Karissa,Simunek,ksimunek15@yahoo.com,66,42
Waylon,Bolstridge,wbolstridge16@huffingtonpost.com,35,43
Stevana,Venard,svenard17@unblog.fr,4,44
Errick,Kubu,ekubu18@linkedin.com,5,45
Fayina,Grahame,fgrahame19@google.it,46,46
Clim,Molnar,cmolnar1a@rediff.com,74,47
Lianne,Osboldstone,losboldstone1b@amazonaws.com,58,48
Orlan,Knightsbridge,oknightsbridge1c@home.pl,73,49
Derek,Kinder,dkinder1d@github.com,75,50
Evaleen,Fache,efache1e@blogspot.com,52,51
Dion,Gibling,dgibling1f@sina.com.cn,77,52
Woodie,Ewenson,wewenson1g@bandcamp.com,16,53
Schuyler,Elsmore,selsmore1h@printfriendly.com,4,54
Vernon,Learmount,vlearmount1i@goo.gl,62,55
Berti,Horley,bhorley1j@addtoany.com,76,56
Benedick,Barehead,bbarehead1k@fotki.com,65,57
Ingemar,Schaben,ischaben1l@tinyurl.com,73,58
Lindi,Longhorne,llonghorne1m@youtube.com,4,59
Kippy,Fifield,kfifield1n@1und1.de,42,60
Leona,Trownson,ltrownson1o@google.ru,49,61
Sheilakathryn,Crapper,scrapper1p@forbes.com,1,62
Mallissa,Burrass,mburrass1q@who.int,43,63
Georgie,Orae,gorae1r@upenn.edu,52,64
Beckie,Ellwood,bellwood1s@house.gov,35,65
Elisabeth,Tolcharde,etolcharde1t@harvard.edu,60,66
Dorey,Oulett,doulett1u@techcrunch.com,73,67
Ruperta,Algeo,ralgeo1v@unesco.org,79,68
Gerladina,Barenski,gbarenski1w@usatoday.com,58,69
Waldon,Craister,wcraister1x@who.int,19,70
Irene,Hosier,ihosier1y@craigslist.org,2,71
Meade,Minard,mminard1z@tuttocitta.it,37,72
Candace,Ellings,cellings20@cornell.edu,26,73
Micheal,Trasler,mtrasler21@e-recht24.de,10,74
Dell,Stackbridge,dstackbridge22@discovery.com,64,75
Hildy,Coard,hcoard23@elpais.com,30,76
Evered,Woffenden,ewoffenden24@com.com,44,77
Rhodia,Hancock,rhancock25@stanford.edu,51,78
Oswald,Gerhts,ogerhts26@youtu.be,75,79
Mufinella,Stive,mstive27@newsvine.com,10,80
Weber,Lowdyane,wlowdyane28@mediafire.com,44,81
Elnore,Lloyd,elloyd29@soup.io,38,82
Torrence,Rhymer,trhymer2a@sun.com,11,83
Carlene,Zanussii,czanussii2b@telegraph.co.uk,28,84
Brenda,Ormes,bormes2c@reverbnation.com,70,85
Bale,Barosch,bbarosch2d@a8.net,41,86
Bertie,Ambler,bambler2e@discuz.net,55,87
Ethelda,Midson,emidson2f@artisteer.com,79,88
Monique,Chartman,mchartman2g@feedburner.com,39,89
Cassius,Parkman,cparkman2h@furl.net,15,90
Fredi,Hartas,fhartas2i@amazon.de,3,91
Kaitlin,Darlison,kdarlison2j@foxnews.com,48,92
Cazzie,Gransden,cgransden2k@topsy.com,29,93
Burton,Tibols,btibols2l@wsj.com,22,94
Persis,Hanratty,phanratty2m@about.me,69,95
Harp,MacAulay,hmacaulay2n@odnoklassniki.ru,55,96
Marley,Dellenbrook,mdellenbrook2o@tripod.com,78,97
Eziechiele,Fulk,efulk2p@virginia.edu,1,98
Bonnie,Buer,bbuer2q@bandcamp.com,54,99
Loree,Webermann,lwebermann2r@networkadvertising.org,9,100
