first_name,last_name,email_address,phone_number,street_number,address_name,street_suffix,city,state,postal_code,country,seller_id
Gerome,Larmet,glarmet0@pen.io,6782735681,0152,Mallard,Park,Decatur,Georgia,30089,United States,1
Elbertine,Cereceres,ecereceres1@youtube.com,2489080664,379,Elmside,Road,Detroit,Michigan,48242,United States,2
Emelita,Wiz,ewiz2@yahoo.co.jp,8162656054,328,Cottonwood,Crossing,Kansas City,Missouri,64144,United States,3
Wright,Smeuin,wsmeuin3@marketwatch.com,9047909610,585,Longview,Way,Jacksonville,Florida,32204,United States,4
Xavier,Olney,xolney4@wikispaces.com,7148752757,7064,Roth,Place,Santa Ana,California,92725,United States,5
Godfry,Immings,gimmings5@tripadvisor.com,7545790334,022,Sachs,Place,Pompano Beach,Florida,33069,United States,6
Tabbi,Mozzi,tmozzi6@xinhuanet.com,5597588260,165,Dayton,Parkway,Fresno,California,93773,United States,7
Shawn,Pratten,spratten7@house.gov,2169951113,115,Dryden,Court,Cleveland,Ohio,44185,United States,8
Pietrek,Milam,pmilam8@bizjournals.com,5714042330,42,Sugar,Hill,Arlington,Virginia,22217,United States,9
Tracie,Kolinsky,tkolinsky9@google.es,5203140005,14375,Clemons,Road,Tucson,Arizona,85725,United States,10
Ase,Howlin,ahowlina@java.com,3609780884,4157,Waywood,Avenue,Seattle,Washington,98109,United States,11
Alex,Videan,avideanb@reference.com,8082687149,2151,Nevada,Park,Honolulu,Hawaii,96835,United States,12
Felipe,Tschierse,ftschiersec@smugmug.com,4055067908,1163,Orin,Lane,Oklahoma City,Oklahoma,73129,United States,13
Beaufort,Cornfoot,bcornfootd@state.gov,2092183568,7,Ridge Oak,Junction,Stockton,California,95205,United States,14
Drew,Bolte,dboltee@nasa.gov,8509492415,92,Karstens,Center,Pensacola,Florida,32505,United States,15
Aeriell,Fasset,afassetf@dion.ne.jp,5598271722,51,Old Gate,Lane,Fresno,California,93709,United States,16
Merrile,Arnot,marnotg@biblegateway.com,6023102409,729,Nobel,Road,Mesa,Arizona,85215,United States,17
Estella,Dibling,ediblingh@bigcartel.com,8068676891,793,Linden,Road,Lubbock,Texas,79405,United States,18
Vince,Christiensen,vchristienseni@bloglovin.com,4019779777,041,Esker,Crossing,Providence,Rhode Island,02912,United States,19
Eloisa,Craddock,ecraddockj@pen.io,3396731604,5624,Eastwood,Drive,Woburn,Massachusetts,01813,United States,20
Cleavland,Kmietsch,ckmietschk@surveymonkey.com,3219478502,07458,Comanche,Court,Melbourne,Florida,32919,United States,21
Hesther,Slym,hslyml@ocn.ne.jp,7703853316,55431,Golf,Hill,Atlanta,Georgia,31119,United States,22
Nessi,Redholls,nredhollsm@163.com,6122290993,617,Northview,Point,Minneapolis,Minnesota,55428,United States,23
Conrado,Keyhoe,ckeyhoen@baidu.com,5157754825,14501,Farragut,Road,Des Moines,Iowa,50305,United States,24
Jimmie,Barnaclough,jbarnaclougho@oaic.gov.au,8082942611,96,Calypso,Terrace,Honolulu,Hawaii,96845,United States,25
Hashim,Bennet,hbennetp@stumbleupon.com,7146648998,61,Elka,Lane,Newport Beach,California,92662,United States,26
Dniren,McDougall,dmcdougallq@google.com.au,4062195070,08043,Brown,Terrace,Billings,Montana,59105,United States,27
Callie,Salman,csalmanr@arstechnica.com,7134719203,155,Karstens,Avenue,Houston,Texas,77260,United States,28
Merridie,Ziebart,mziebarts@google.de,7868274955,1094,Roxbury,Pass,Miami,Florida,33169,United States,29
Karel,Blunsum,kblunsumt@elpais.com,3132973363,643,Lakewood Gardens,Park,Detroit,Michigan,48232,United States,30
Misti,Benda,mbendau@google.com.hk,5054275505,49202,Heffernan,Trail,Albuquerque,New Mexico,87110,United States,31
Augustine,Howlings,ahowlingsv@indiegogo.com,2028016879,5,Veith,Alley,Washington,District of Columbia,20425,United States,32
Stefanie,Camsey,scamseyw@marketwatch.com,8625606907,6408,Chinook,Crossing,Newark,New Jersey,07195,United States,33
Leeann,Turtle,lturtlex@desdev.cn,9164936853,02762,Jenna,Junction,Sacramento,California,94245,United States,34
Carita,Crawshay,ccrawshayy@who.int,9158355019,070,Hagan,Terrace,El Paso,Texas,79923,United States,35
Darsie,Tingly,dtinglyz@usa.gov,3131660649,4,Moulton,Hill,Detroit,Michigan,48295,United States,36
Jojo,Josuweit,jjosuweit10@globo.com,7345092603,84,Independence,Crossing,Detroit,Michigan,48242,United States,37
Danielle,Clowser,dclowser11@google.fr,6025014659,3447,Bunting,Alley,Phoenix,Arizona,85062,United States,38
Lem,Filippozzi,lfilippozzi12@blinklist.com,5134508917,2558,Huxley,Alley,Cincinnati,Ohio,45223,United States,39
Milty,Ciric,mciric13@i2i.jp,8506151277,359,Namekagon,Pass,Tallahassee,Florida,32304,United States,40
Janela,Weaben,jweaben14@bandcamp.com,2624680318,3,Clarendon,Terrace,Racine,Wisconsin,53405,United States,41
Paxon,Guerreiro,pguerreiro15@ucoz.com,7066635588,269,Hollow Ridge,Junction,Athens,Georgia,30610,United States,42
Adelheid,Fashion,afashion16@mit.edu,8045847173,3653,Hintze,Lane,Richmond,Virginia,23220,United States,43
Dwight,Gouth,dgouth17@hostgator.com,8162800320,1,Monterey,Point,Kansas City,Missouri,64125,United States,44
Niko,Neljes,nneljes18@admin.ch,6127374803,3932,Prairie Rose,Drive,Minneapolis,Minnesota,55480,United States,45
Avis,Thickpenny,athickpenny19@ask.com,2109750324,1,Truax,Pass,San Antonio,Texas,78296,United States,46
Prisca,January 1st,pjanuaryst1a@tripadvisor.com,2139456821,48093,Maple Wood,Circle,North Hollywood,California,91616,United States,47
Ethe,Mac Giolla Pheadair,emacgiollapheadair1b@netscape.com,4049210036,4,Schmedeman,Point,Atlanta,Georgia,30340,United States,48
Fernandina,Braizier,fbraizier1c@businessweek.com,4049303808,1,Rigney,Pass,Duluth,Georgia,30096,United States,49
Stacy,Meritt,smeritt1d@cbc.ca,2146623659,07,Hooker,Hill,Dallas,Texas,75372,United States,50
Callie,Conneely,cconneely1e@ed.gov,9138026393,48962,Dahle,Pass,Shawnee Mission,Kansas,66225,United States,51
Hesther,Rodgerson,hrodgerson1f@foxnews.com,2025642356,8301,Nelson,Trail,Washington,District of Columbia,20005,United States,52
Rozanne,Thurstance,rthurstance1g@ameblo.jp,5103413874,19,Eagle Crest,Trail,Berkeley,California,94705,United States,53
Fredric,Pascoe,fpascoe1h@bigcartel.com,9529433114,17671,Jackson,Lane,Minneapolis,Minnesota,55402,United States,54
Maurizio,Roots,mroots1i@walmart.com,3173100048,48684,Northport,Pass,Indianapolis,Indiana,46216,United States,55
Dedra,Hitscher,dhitscher1j@hibu.com,2143692401,814,Vernon,Park,Dallas,Texas,75392,United States,56
Amerigo,Eppson,aeppson1k@aol.com,4156414223,04,Prentice,Pass,San Francisco,California,94126,United States,57
Andra,Arrell,aarrell1l@accuweather.com,6268297169,7964,Cardinal,Lane,Burbank,California,91520,United States,58
Drucie,Onge,donge1m@soundcloud.com,7197804522,47,Lake View,Court,Colorado Springs,Colorado,80930,United States,59
Eden,Muress,emuress1n@theatlantic.com,9155270473,960,Eagle Crest,Junction,El Paso,Texas,88574,United States,60
Lance,Corona,lcorona1o@yellowbook.com,9175746321,87482,Farwell,Drive,Flushing,New York,11388,United States,61
Jemie,Haynes,jhaynes1p@vistaprint.com,3367898704,76594,Graceland,Place,Greensboro,North Carolina,27499,United States,62
Teddie,Abramowsky,tabramowsky1q@mit.edu,9016787737,43291,Linden,Street,Memphis,Tennessee,38109,United States,63
Alonso,Mayall,amayall1r@aboutads.info,2059310643,77,Corben,Avenue,Tuscaloosa,Alabama,35405,United States,64
Alexia,Radmore,aradmore1s@prnewswire.com,5013835709,1553,Eastlawn,Parkway,North Little Rock,Arkansas,72199,United States,65
Leodora,Learned,llearned1t@nih.gov,6051146182,64411,Dwight,Plaza,Sioux Falls,South Dakota,57105,United States,66
Mauricio,Backsal,mbacksal1u@mapy.cz,4843377630,89,Brentwood,Crossing,Valley Forge,Pennsylvania,19495,United States,67
Joleen,Gibbett,jgibbett1v@auda.org.au,9015035499,82652,Maryland,Hill,Memphis,Tennessee,38109,United States,68
Odelinda,Slimm,oslimm1w@tiny.cc,5157959261,89,Bashford,Way,Des Moines,Iowa,50393,United States,69
Gale,Vials,gvials1x@newsvine.com,2175525816,8,Ruskin,Street,Springfield,Illinois,62794,United States,70
Red,Perell,rperell1y@fastcompany.com,4438871109,8821,Mifflin,Point,Baltimore,Maryland,21203,United States,71
Julia,Adao,jadao1z@moonfruit.com,5712814191,64131,Brown,Court,Reston,Virginia,22096,United States,72
Wildon,Sumshon,wsumshon20@cbc.ca,9017033298,4988,Clemons,Road,Memphis,Tennessee,38197,United States,73
Alleen,Ody,aody21@youku.com,5715021299,5503,Arrowood,Place,Arlington,Virginia,22234,United States,74
Caz,Waddie,cwaddie22@cam.ac.uk,6235198285,1583,Scott,Avenue,Glendale,Arizona,85305,United States,75
Ronnie,Scullin,rscullin23@cam.ac.uk,7276954651,8,Rowland,Parkway,Clearwater,Florida,33763,United States,76
Chev,Letterese,cletterese24@harvard.edu,4788932140,7,Milwaukee,Crossing,Macon,Georgia,31296,United States,77
Lanae,Naptine,lnaptine25@indiegogo.com,3025608053,478,Blaine,Center,Wilmington,Delaware,19892,United States,78
Pincus,Baynom,pbaynom26@goodreads.com,9376469728,50,Harper,Street,Dayton,Ohio,45440,United States,79
Toby,Laddle,tladdle27@histats.com,9548784988,5,Schiller,Court,Fort Lauderdale,Florida,33330,United States,80
Lyssa,Latliff,llatliff28@ning.com,4066777824,6179,Morning,Court,Billings,Montana,59112,United States,81
Baxie,Kindall,bkindall29@google.cn,3862184480,42046,Pine View,Road,Daytona Beach,Florida,32123,United States,82
Ainsley,Durno,adurno2a@arizona.edu,6618949993,776,Hagan,Lane,Bakersfield,California,93311,United States,83
Lynn,Murfett,lmurfett2b@statcounter.com,7185042506,4,Kenwood,Park,New York City,New York,10009,United States,84
Sonia,Hellin,shellin2c@opera.com,6032384126,956,Bashford,Hill,Manchester,New Hampshire,03105,United States,85
Roslyn,Kirkebye,rkirkebye2d@example.com,7195384233,11,Melby,Drive,Colorado Springs,Colorado,80915,United States,86
Lydie,Halle,lhalle2e@irs.gov,8051654466,2343,Pepper Wood,Alley,Santa Barbara,California,93106,United States,87
Anetta,Rickerby,arickerby2f@google.co.jp,6167120695,68,North,Pass,Grand Rapids,Michigan,49505,United States,88
Adel,Lepick,alepick2g@discuz.net,7046113648,54,Jenifer,Place,Charlotte,North Carolina,28263,United States,89
Yule,Darinton,ydarinton2h@over-blog.com,3155221297,93578,Paget,Way,Utica,New York,13505,United States,90
Joby,Halliday,jhalliday2i@unicef.org,5155457930,65617,Crest Line,Drive,Des Moines,Iowa,50310,United States,91
Shandeigh,Pilbeam,spilbeam2j@va.gov,2512317997,05,Eastlawn,Trail,Mobile,Alabama,36616,United States,92
Glen,Mannock,gmannock2k@merriam-webster.com,9543527467,91,Dawn,Place,Miami,Florida,33169,United States,93
Waldemar,Grigorey,wgrigorey2l@creativecommons.org,2123997006,9067,Daystar,Lane,New York City,New York,10160,United States,94
Zachary,Verralls,zverralls2m@vimeo.com,9411232265,533,Brown,Alley,Sarasota,Florida,34238,United States,95
Hammad,O'Corr,hocorr2n@hexun.com,3361634365,6812,Cottonwood,Lane,Winston Salem,North Carolina,27150,United States,96
Terry,Lyle,tlyle2o@hhs.gov,3126985059,3,Westerfield,Way,Chicago,Illinois,60681,United States,97
Liuka,Semeniuk,lsemeniuk2p@mediafire.com,9154901037,5,Meadow Valley,Road,El Paso,Texas,88541,United States,98
Colver,Ludwig,cludwig2q@cocolog-nifty.com,3618987836,570,Reinke,Court,Austin,Texas,78744,United States,99
Berry,Pellamont,bpellamont2r@aboutads.info,5307415542,1248,Goodland,Street,South Lake Tahoe,California,96154,United States,100
