first_name,last_name,email_address,phone_number,street_number,address_name,street_suffix,city,state,postal_code,country,buyer_id
Jenifer,D'Arrigo,jdarrigo0@hud.gov,3093518875,74,Fieldstone,Alley,Carol Stream,Illinois,60158,United States,1
Marlene,Jonsson,mjonsson1@topsy.com,8171582470,5,Stang,Lane,Denton,Texas,76210,United States,2
Averyl,Desmond,adesmond2@sciencedirect.com,5401523378,82953,Mayfield,Center,Fredericksburg,Virginia,22405,United States,3
Garth,Robins,grobins3@eepurl.com,3606869507,53039,Oakridge,Lane,Vancouver,Washington,98682,United States,4
Boycey,Rubertelli,brubertelli4@cargocollective.com,8067230634,910,Sauthoff,Plaza,Amarillo,Texas,79171,United States,5
Cinda,Batie,cbatie5@nationalgeographic.com,9177322512,58248,Iowa,Park,New York City,New York,10165,United States,6
Tallia,Aitchinson,taitchinson6@oakley.com,5614482379,890,Superior,Trail,West Palm Beach,Florida,33411,United States,7
Megen,Cowl,mcowl7@seesaa.net,3093796367,239,Thompson,Terrace,Peoria,Illinois,61651,United States,8
Timmie,Radcliffe,tradcliffe8@aol.com,5733093379,716,Glendale,Parkway,Columbia,Missouri,65211,United States,9
Sheeree,Errichelli,serrichelli9@spotify.com,5203504252,141,Blackbird,Terrace,Tucson,Arizona,85720,United States,10
Ivie,Ankers,iankersa@is.gd,9416392629,5148,Village Green,Road,Bonita Springs,Florida,34135,United States,11
Debi,Demkowicz,ddemkowiczb@usda.gov,3094439280,8589,Carey,Lane,Carol Stream,Illinois,60351,United States,12
Zane,Faltin,zfaltinc@gmpg.org,8046820933,24408,Dahle,Circle,Richmond,Virginia,23220,United States,13
Inglebert,Wharby,iwharbyd@joomla.org,4055885684,0061,Raven,Alley,Norman,Oklahoma,73071,United States,14
Silvester,Parmby,sparmbye@hatena.ne.jp,2153433209,36,Logan,Hill,Philadelphia,Pennsylvania,19125,United States,15
Rani,Giovannazzi,rgiovannazzif@nyu.edu,2133397696,37484,Chinook,Hill,North Hollywood,California,91616,United States,16
Denise,Alesin,dalesing@digg.com,7547456281,8,Clemons,Road,Fort Lauderdale,Florida,33336,United States,17
Jenn,Sanpher,jsanpherh@mapquest.com,5737426479,1,Fairfield,Park,Jefferson City,Missouri,65110,United States,18
Bennie,Thrift,bthrifti@gravatar.com,5203709961,4509,Hollow Ridge,Pass,Tucson,Arizona,85710,United States,19
Erena,Falla,efallaj@ted.com,2624639924,93438,Northridge,Point,Racine,Wisconsin,53405,United States,20
Doe,Sciusscietto,dsciussciettok@rambler.ru,7183039495,01381,Vernon,Pass,Staten Island,New York,10305,United States,21
Nellie,Siddeley,nsiddeleyl@hao123.com,3602657767,38,Sullivan,Hill,Seattle,Washington,98121,United States,22
Teador,Pill,tpillm@craigslist.org,7606116958,94292,Main,Crossing,Escondido,California,92030,United States,23
Ruthe,Dafforne,rdaffornen@xrea.com,8633333189,01,Londonderry,Park,Lehigh Acres,Florida,33972,United States,24
Carolin,Coan,ccoano@reuters.com,2025216767,70,Forest,Point,Washington,District of Columbia,20525,United States,25
Doug,Ladell,dladellp@seattletimes.com,7639102852,01,Kedzie,Street,Maple Plain,Minnesota,55572,United States,26
Vicki,Skewis,vskewisq@topsy.com,5853703927,5,Mosinee,Hill,Rochester,New York,14619,United States,27
Ainslee,Bartolozzi,abartolozzir@wordpress.org,7271241454,51880,Village,Point,Clearwater,Florida,34629,United States,28
Morgen,Anderl,manderls@wired.com,7864126368,12295,Kim,Alley,Miami,Florida,33245,United States,29
Willi,Cathesyed,wcathesyedt@networkadvertising.org,3092200083,80,Blaine,Court,Peoria,Illinois,61629,United States,30
Ive,Clewett,iclewettu@seattletimes.com,9074410097,395,Rigney,Pass,Juneau,Alaska,99812,United States,31
Helene,Danne,hdannev@alexa.com,2122591725,9,Bultman,Junction,New York City,New York,10292,United States,32
Fransisco,Tinto,ftintow@about.me,6011272487,14,Corry,Circle,Jackson,Mississippi,39282,United States,33
Tracey,Watmough,twatmoughx@ucoz.com,6081824784,1,Starling,Point,Madison,Wisconsin,53779,United States,34
Daven,Gass,dgassy@sina.com.cn,4809289642,76718,Fair Oaks,Road,Phoenix,Arizona,85005,United States,35
Pace,Fetherby,pfetherbyz@mozilla.org,9135217747,31033,Cody,Terrace,Shawnee Mission,Kansas,66220,United States,36
Harvey,Upson,hupson10@addtoany.com,9544692518,52239,Old Shore,Park,Hollywood,Florida,33023,United States,37
Rolland,Ings,rings11@bing.com,3134722459,7574,Northfield,Point,Detroit,Michigan,48232,United States,38
Pauly,Akred,pakred12@soundcloud.com,5102728330,94,Michigan,Circle,Oakland,California,94660,United States,39
Moyna,Sandiland,msandiland13@liveinternet.ru,8582484829,6,Weeping Birch,Way,Orange,California,92668,United States,40
Vanda,Reinger,vreinger14@hexun.com,3175746986,3,Columbus,Hill,Indianapolis,Indiana,46278,United States,41
Piotr,Tordoff,ptordoff15@amazonaws.com,9159897083,75731,Arizona,Pass,El Paso,Texas,79977,United States,42
Dugald,O'Conor,doconor16@wikispaces.com,2537243648,836,Colorado,Plaza,Tacoma,Washington,98411,United States,43
Giffy,Dyott,gdyott17@ow.ly,5595351559,91,Harbort,Terrace,Fresno,California,93709,United States,44
Aurelie,Zini,azini18@netvibes.com,9891499724,3,Eastlawn,Hill,Midland,Michigan,48670,United States,45
Betsy,Ommundsen,bommundsen19@bbb.org,5717332956,24,Fair Oaks,Place,Arlington,Virginia,22225,United States,46
Melisande,McMeanma,mmcmeanma1a@amazon.de,3149764718,2643,Banding,Crossing,Saint Louis,Missouri,63136,United States,47
Bibbye,Hambrook,bhambrook1b@bloglines.com,8012837459,55,Hallows,Crossing,Provo,Utah,84605,United States,48
Laurette,Dowty,ldowty1c@npr.org,9171432377,42161,Mallard,Parkway,New York City,New York,10155,United States,49
Janelle,Cunrado,jcunrado1d@hatena.ne.jp,2518764825,2,Helena,Trail,Mobile,Alabama,36605,United States,50
Laurie,Blencoe,lblencoe1e@nifty.com,7032796436,87,Kinsman,Crossing,Washington,District of Columbia,20041,United States,51
Cully,Ritchman,critchman1f@example.com,7013249431,52,Dixon,Street,Fargo,North Dakota,58106,United States,52
Marlie,Millsom,mmillsom1g@paginegialle.it,6081559177,667,Michigan,Parkway,Madison,Wisconsin,53705,United States,53
Fredek,Kirsopp,fkirsopp1h@purevolume.com,3123962535,535,Brown,Terrace,Chicago,Illinois,60691,United States,54
Gibbie,Coppenhall,gcoppenhall1i@businessweek.com,5107650456,03,Mandrake,Drive,Oakland,California,94627,United States,55
Robbyn,Weir,rweir1j@dot.gov,9097224395,408,Dapin,Avenue,San Bernardino,California,92405,United States,56
Aili,Lowden,alowden1k@stanford.edu,4125876320,08338,Center,Plaza,Pittsburgh,Pennsylvania,15240,United States,57
Jemima,Staterfield,jstaterfield1l@flavors.me,8153976760,22,Ilene,Trail,Joliet,Illinois,60435,United States,58
Moyra,Wisam,mwisam1m@mail.ru,9159313236,963,Pennsylvania,Lane,El Paso,Texas,88541,United States,59
Grayce,Musslewhite,gmusslewhite1n@woothemes.com,9175815748,509,Ridge Oak,Trail,Jamaica,New York,11470,United States,60
Joli,Elford,jelford1o@hostgator.com,5127027380,78217,Dovetail,Park,Austin,Texas,78759,United States,61
Flossy,Ivanchikov,fivanchikov1p@tuttocitta.it,5408696586,7299,Pine View,Way,Charlottesville,Virginia,22903,United States,62
Dario,Thews,dthews1q@bbc.co.uk,2149056138,3,Merrick,Parkway,Irving,Texas,75037,United States,63
Kahlil,Niblock,kniblock1r@guardian.co.uk,3374068187,6,Wayridge,Place,Lafayette,Louisiana,70593,United States,64
Zaria,Stovell,zstovell1s@artisteer.com,7602327396,3898,Butterfield,Junction,Escondido,California,92030,United States,65
Bobbe,Large,blarge1t@barnesandnoble.com,3054178422,5,Lotheville,Crossing,Miami,Florida,33142,United States,66
Dino,Telezhkin,dtelezhkin1u@ucoz.com,4326673873,6,Merry,Road,Midland,Texas,79710,United States,67
Hilton,Bwy,hbwy1v@flickr.com,6127891629,92,Veith,Drive,Minneapolis,Minnesota,55448,United States,68
Orelee,Sheaber,osheaber1w@plala.or.jp,6152845432,45,Garrison,Trail,Nashville,Tennessee,37245,United States,69
Myrtle,Lago,mlago1x@ning.com,3033143360,12,Bluejay,Hill,Denver,Colorado,80299,United States,70
Horton,Larner,hlarner1y@fema.gov,7191295847,678,Bartelt,Alley,Colorado Springs,Colorado,80925,United States,71
Jordana,Braywood,jbraywood1z@berkeley.edu,6075846749,743,Sherman,Parkway,Elmira,New York,14905,United States,72
Fraser,Ellingsworth,fellingsworth20@fc2.com,3601953898,4930,South,Place,Vancouver,Washington,98682,United States,73
Dru,Larmuth,dlarmuth21@examiner.com,2036289360,659,Independence,Place,Norwalk,Connecticut,06859,United States,74
Sonnie,Blaasch,sblaasch22@msn.com,4058042003,21725,Homewood,Parkway,Oklahoma City,Oklahoma,73109,United States,75
Otha,Kearn,okearn23@artisteer.com,9526870436,334,Reinke,Circle,Young America,Minnesota,55551,United States,76
Roseanna,Shepstone,rshepstone24@foxnews.com,3149777782,634,Moose,Point,Saint Louis,Missouri,63116,United States,77
Quintina,Lackmann,qlackmann25@cdbaby.com,2814734379,8,Arrowood,Point,Houston,Texas,77035,United States,78
Keefer,Hunnam,khunnam26@i2i.jp,7028637937,10,Atwood,Plaza,Las Vegas,Nevada,89150,United States,79
Glynnis,Haselhurst,ghaselhurst27@geocities.com,9033228031,5743,Sunfield,Crossing,Tyler,Texas,75705,United States,80
Dolf,Witcombe,dwitcombe28@mediafire.com,2029980444,8,Forest Run,Terrace,Washington,District of Columbia,56944,United States,81
Idelle,Ridsdole,iridsdole29@addtoany.com,8162394033,4271,Kim,Place,Kansas City,Missouri,64187,United States,82
Bryn,Bourgourd,bbourgourd2a@homestead.com,5135400407,9,Westend,Lane,Cincinnati,Ohio,45233,United States,83
Annmaria,Bowhay,abowhay2b@smh.com.au,8158747833,761,Morningstar,Center,Joliet,Illinois,60435,United States,84
May,St Quenin,mstquenin2c@elegantthemes.com,3059321833,816,Stephen,Crossing,Miami Beach,Florida,33141,United States,85
Filbert,Prescott,fprescott2d@marriott.com,2027706703,04458,Ridge Oak,Plaza,Washington,District of Columbia,20005,United States,86
Leeann,Gait,lgait2e@who.int,9155540995,859,American Ash,Center,El Paso,Texas,88579,United States,87
Filberte,Daw,fdaw2f@businesswire.com,9159917213,7010,Marcy,Lane,El Paso,Texas,79911,United States,88
Marina,Tutill,mtutill2g@cdc.gov,3026518613,12204,Thierer,Crossing,Newark,Delaware,19725,United States,89
Hermann,Knapp,hknapp2h@meetup.com,7044716527,7,Ryan,Court,Charlotte,North Carolina,28247,United States,90
Jackie,Aizikov,jaizikov2i@baidu.com,2393700422,70,Clyde Gallagher,Plaza,Naples,Florida,33963,United States,91
Alexandra,Newcom,anewcom2j@arstechnica.com,3047370052,44771,Dapin,Drive,Huntington,West Virginia,25721,United States,92
Lexi,Dore,ldore2k@alexa.com,2125187321,0543,Brown,Point,Brooklyn,New York,11254,United States,93
Romy,Howel,rhowel2l@wiley.com,7548232952,98,Logan,Center,Fort Lauderdale,Florida,33355,United States,94
Marmaduke,Larroway,mlarroway2m@slashdot.org,6095047037,10489,Morningstar,Trail,Trenton,New Jersey,08603,United States,95
Conroy,Pitcaithly,cpitcaithly2n@time.com,8035120716,0755,Dwight,Park,Columbia,South Carolina,29215,United States,96
Angelo,Cornewall,acornewall2o@ihg.com,8177061663,9934,Dennis,Pass,Denton,Texas,76210,United States,97
Michelle,Draco,mdraco2p@stumbleupon.com,9493444826,56,Dakota,Center,Orange,California,92867,United States,98
Ado,Bernon,abernon2q@webs.com,6108076737,33,Waxwing,Road,Philadelphia,Pennsylvania,19120,United States,99
Steve,Vater,svater2r@bluehost.com,3611424830,57,Pearson,Pass,Corpus Christi,Texas,78465,United States,100
